{
  "model_path": "/storage/busan01/snap/snapd-desktop-integration/sbship/welding_defect/data/parts_res/model/ship/260413_1804/Best_ship_model.pth",
  "timestamp": "20260415_101901",
  "learned_temperature": 4.940491676330566,
  "nll_dev_init": 1.5111334323883057,
  "nll_dev_final": 0.5469800233840942,
  "lbfgs_steps": 97,
  "calibration_metrics": {
    "val_dev": {
      "before": {
        "ece": 0.1601204599467746,
        "mce": 0.38906604051589966,
        "nll": 1.5098103284835815,
        "brier": 0.3471456468105316,
        "accuracy": 0.8096609085092771
      },
      "after": {
        "ece": 0.02690136568026136,
        "mce": 0.19737181067466736,
        "nll": 0.5469801425933838,
        "brier": 0.28914105892181396,
        "accuracy": 0.8096609085092771
      }
    },
    "val_holdout": {
      "before": {
        "ece": 0.15870446458659107,
        "mce": 0.3814319059962318,
        "nll": 1.4417675733566284,
        "brier": 0.3499611020088196,
        "accuracy": 0.8013435700575816
      },
      "after": {
        "ece": 0.023283574103317578,
        "mce": 0.16125969558346032,
        "nll": 0.5451017618179321,
        "brier": 0.2902454733848572,
        "accuracy": 0.8013435700575816
      }
    }
  },
  "defect_binary_at_0.5": {
    "before": {
      "threshold": 0.5,
      "precision": 0.9219391947411668,
      "recall": 0.9092382495948136,
      "f1": 0.9155446756425949,
      "tp": 1122,
      "fp": 95,
      "fn": 112,
      "tn": 1797,
      "pr_auc": 0.9637868268938728,
      "roc_auc": 0.9791977909203985
    },
    "after": {
      "threshold": 0.5,
      "precision": 0.9253486464315013,
      "recall": 0.9141004862236629,
      "f1": 0.9196901752955564,
      "tp": 1128,
      "fp": 91,
      "fn": 106,
      "tn": 1801,
      "pr_auc": 0.9662919603065218,
      "roc_auc": 0.9801880561675707
    }
  },
  "youden_j_optimal": {
    "before": {
      "threshold": 0.22280576825141907,
      "youden_j": 0.8646985858738148,
      "tp": 1144,
      "fp": 118,
      "fn": 90,
      "tn": 1774,
      "precision": 0.9064976228209192,
      "recall": 0.9270664505672609
    },
    "after": {
      "threshold": 0.3937044143676758,
      "youden_j": 0.8734362204076878,
      "tp": 1160,
      "fp": 126,
      "fn": 74,
      "tn": 1766,
      "precision": 0.9020217729393468,
      "recall": 0.940032414910859
    }
  },
  "review_queue_0.45_0.60": {
    "before": {
      "fraction": 0.025911708253358926,
      "n": 81,
      "correct": 35,
      "wrong": 46,
      "frac_of_errors_captured": 0.07407407407407407
    },
    "after": {
      "fraction": 0.13691618682021753,
      "n": 428,
      "correct": 218,
      "wrong": 210,
      "frac_of_errors_captured": 0.33816425120772947
    }
  }
}